"V1","V2","V3","V4","V5","V6","V7","V8","V9","V10","V11","V12","V13","V14","V15","V16","V17"
"1","Acta Inf.-33","journals/acta/Saxena96","Parallel Integer Sorting and Simulation Amongst CRCW Models.","33","607-619","https://doi.org/10.1007/BF03036466","1996","Acta Inf.","0","1","db/journals/acta/acta33.html#Saxena96","1995-06-30 00:00:00","N;N","N;N","0","0"
"2","Acta Inf.-20","journals/acta/Simon83","Pattern Matching in Trees and Nets.","20","227-248","https://doi.org/10.1007/BF01257084","1983","Acta Inf.","0","1","db/journals/acta/acta20.html#Simon83","1983-04-11 00:00:00","N;N","N;N","0","0"
"3","Acta Inf.-20","journals/acta/GoodmanS83","NP-complete Problems Simplified on Tree Schemas.","20","171-178","https://doi.org/10.1007/BF00289414","1983","Acta Inf.","0","2","db/journals/acta/acta20.html#GoodmanS83","1983-05-02 00:00:00","N;N","N;N","0","0"
"4","Acta Inf.-17","journals/acta/Blum82","On the Power of Chain Rules in Context Free Grammars.","17","425-433","https://doi.org/10.1007/BF00264161","1982","Acta Inf.","0","1","db/journals/acta/acta17.html#Blum82","1982-02-18 00:00:00","N;N","N;N","0","0"
"5","Acta Inf.-7","journals/acta/Schonhage77","Schnelle Multiplikation von Polynomenüber Körpern der Charakteristik 2.","7","395-398","https://doi.org/10.1007/BF00289470","1977","Acta Inf.","0","1","db/journals/acta/acta7.html#Schonhage77","1976-02-09 00:00:00","N;N","N;N","0","0"
"6","Acta Inf.-48","journals/acta/Honkala11","A characterization of rational D0L power series.","48","19-24","https://doi.org/10.1007/s00236-010-0128-1","2011","Acta Inf.","0","1","db/journals/acta/acta48.html#Honkala11","2010-07-05 00:00:00","N;2010-11-01 00:00:00;2010-11-20 00:00:00;N","119","19",""
"7","Acta Inf.-24","journals/acta/HuangL87","The Derivation of Systolic Implementations of Programs.","24","595-632","https://doi.org/10.1007/BF00282618","1987","Acta Inf.","0","2","db/journals/acta/acta24.html#HuangL87","N;N","N;N","N;N","N
8;Acta Inf.-25;journals/acta/FinkelC87;Fifo Nets Without Order Deadlock.;25;15-36;https://doi.org/10.1007/BF00268843;1988;Acta Inf.;0;2;db/journals/acta/acta25.html#FinkelC87;1987-08-12 00:00:00;N","N;N"
"N;0;0
9;Acta Inf.-10;journals/acta/Biskup78;On the Complementation Rule for Multivalued Dependencies in Database Relations.;10;297-305;https://doi.org/10.1007/BF00264322;1978;Acta Inf.;0;1;db/journals/acta/acta10.html#Biskup78;1978-03-07 00:00:00;N","N;N","N;0;0
10;Acta Inf.-49;journals/acta/BozapalidisFR12;Equational weighted tree transformations.;49;29-52;https://doi.org/10.1007/s00236-011-0148-5;2012;Acta Inf.;0;3;db/journals/acta/acta49.html#BozapalidisFR12;2011-03-31 00:00:00;N","2011-11-22 00:00:00","2011-12-06 00:00:00","N;236;14
11;Acta Inf.-43;journals/acta/KhomenkoKKV06;Merged processes: a new condensed representation of Petri net behaviour.;43;307-330;https://doi.org/10.1007/s00236-006-0023-y;2006;Acta Inf.;0;4;db/journals/acta/acta43.html#KhomenkoKKV06;2005-12-21 00:00:00;N","N;2006-10-11 00:00:00;N","0","0","","","","","","","",""
"12","Acta Inf.-50","journals/acta/Hesselink13","Verifying a simplification of mutual exclusion by Lycklama-Hadzilacos.","50","199-228","https://doi.org/10.1007/s00236-013-0178-2","2013","Acta Inf.","0","1","db/journals/acta/acta50.html#Hesselink13","2011-02-07 00:00:00","N;2013-02-07 00:00:00;2013-03-10 00:00:00;N","731","31",""
"13","Acta Inf.-20","journals/acta/Ronse83","A Three-Stage Construction for Multiconnection Networks.","20","197-206","https://doi.org/10.1007/BF00289416","1983","Acta Inf.","0","1","db/journals/acta/acta20.html#Ronse83","1983-06-28 00:00:00","N;N","N;N","0","0"
"14","Acta Inf.-28","journals/acta/CritchlowP91","The Expressive Power of Delay Operators in SCCS.","28","447-452","https://doi.org/10.1007/BF01178582","1991","Acta Inf.","0","2","db/journals/acta/acta28.html#CritchlowP91","1991-01-02 00:00:00","N;N","N;N","0","0"
"15","Acta Inf.-33","journals/acta/Milner96","Calculi for Interaction.","33","707-737","https://doi.org/10.1007/BF03036472","1996","Acta Inf.","0","1","db/journals/acta/acta33.html#Milner96","1995-08-07 00:00:00","N;N","N;N","0","0"
"16","Acta Inf.-11","journals/acta/Darlington78","A Synthesis of Several Sorting Algorithms.","11","1-30","https://doi.org/10.1007/BF00264597","1978","Acta Inf.","0","1","db/journals/acta/acta11.html#Darlington78","1977-05-17 00:00:00","N;N","N;N","0","0"
"17","Acta Inf.-23","journals/acta/CalzarossaIS86","A Workload Model Representative of Static and Dynamic Characteristics.","23","255-266","https://doi.org/10.1007/BF00289113","1986","Acta Inf.","0","3","db/journals/acta/acta23.html#CalzarossaIS86","1986-03-11 00:00:00","N;N","N;N","0","0"
"18","Acta Inf.-38","journals/acta/Vajnovszki02","Gray visiting Motzkins.","38","793-811","https://doi.org/10.1007/s00236-002-0097-0","2002","Acta Inf.","0","1","db/journals/acta/acta38.html#Vajnovszki02","N;N","N;N","N;N","N
19;Acta Inf.-51;journals/acta/VoglerS014;Trace- and failure-based semantics for responsiveness.;51;499-552;https://doi.org/10.1007/s00236-014-0205-y;2014;Acta Inf.;0;3;db/journals/acta/acta51.html#VoglerS014;2013-09-18 00:00:00;N","2014-06-02 00:00:00"
"2014-08-10 00:00:00","N;257;69
20;Acta Inf.-24;journals/acta/Devroye87;Branching Processes in the Analysis of the Heights of Trees.;24;277-298;https://doi.org/10.1007/BF00265991;1987;Acta Inf.;0;1;db/journals/acta/acta24.html#Devroye87;1987-01-08 00:00:00;N","N;N","N;0;0
21;Acta Inf.-1;journals/acta/HuT72;Least Upper Bound on the Cost of Optimum Binary Search Trees.;1;307-310;https://doi.org/10.1007/BF00289510;1972;Acta Inf.;0;2;db/journals/acta/acta1.html#HuT72;1971-12-20 00:00:00;N","N;N","N;0;0
22;Acta Inf.-6;journals/acta/Franta76;The Mathematical Analysis of the Computer System Modeled as a Two Stage Cyclic Queue.;6;187-209;https://doi.org/10.1007/BF00268500;1976;Acta Inf.;0;1;db/journals/acta/acta6.html#Franta76;1975-02-03 00:00:00;N","N;N","N;0;0
23;Acta Inf.-32;journals/acta/Kindler95;Invariants, Composition, and Substitution.;32;299-312;https://doi.org/10.1007/BF01178381;1995;Acta Inf.;0;1;db/journals/acta/acta32.html#Kindler95;1994-09-21 00:00:00;N","N;N","N;0;0
24;Acta Inf.-23;journals/acta/Kouvatsos86;Maximum Entropy and theG/G/1/NQueue.;23;545-565;https://doi.org/10.1007/BF00288469;1986;Acta Inf.;0;1;db/journals/acta/acta23.html#Kouvatsos86;1985-11-27 00:00:00;N","N;N","N;0;0
25;Acta Inf.-36;journals/acta/GorlatchL00;Abstraction and Performance in the Design of Parallel Programs: An Overview of the SAT Approach.;36;761-803;https://doi.org/10.1007/s002360050174;2000;Acta Inf.;0;2;db/journals/acta/acta36.html#GorlatchL00;N","N;N","N;N","N;N","",""
"26","Acta Inf.-46","journals/acta/Meyer09","A theory of structural stationarity in thepi-Calculus.","46","87-137","https://doi.org/10.1007/s00236-009-0091-x","2009","Acta Inf.","0","1","db/journals/acta/acta46.html#Meyer09","2007-08-02 00:00:00","N;2009-01-07 00:00:00;2009-03-13 00:00:00;N","524","65",""
"27","Acta Inf.-15","journals/acta/Reisch81","Hex ist PSPACE-vollständig.","15","167-191","https://doi.org/10.1007/BF00288964","1981","Acta Inf.","0","1","db/journals/acta/acta15.html#Reisch81","1980-02-27 00:00:00","N;N","N;N","0","0"
"28","Acta Inf.-36","journals/acta/Csuhaj-VarjuM00","Evolutionary Systems: A Language Generating Device Inspired by Evolving Communities of Cells.","36","913-926","https://doi.org/10.1007/s002360050178","2000","Acta Inf.","0","2","db/journals/acta/acta36.html#Csuhaj-VarjuM00","N;N","N;N","N;N","N
29;Acta Inf.-54;journals/acta/KariK17;Disjunctivity and other properties of sets of pseudo-bordered words.;54;379-398;https://doi.org/10.1007/s00236-016-0258-1;2017;Acta Inf.;0;2;db/journals/acta/acta54.html#KariK17;2015-07-14 00:00:00;N","2016-02-02 00:00:00"
"2016-02-18 00:00:00","N;203;16
30;Acta Inf.-45;journals/acta/Janicki08;Relational structures model of concurrency.;45;279-320;https://doi.org/10.1007/s00236-008-0071-6;2008;Acta Inf.;0;1;db/journals/acta/acta45.html#Janicki08;2007-03-02 00:00:00;N","2008-01-22 00:00:00","2008-03-11 00:00:00","N;326;49
31;Acta Inf.-8;journals/acta/Russell77;On an Equivalence between Continuation and Stack Semantics.;8;113-123;https://doi.org/10.1007/BF00289244;1977;Acta Inf.;0;1;db/journals/acta/acta8.html#Russell77;1976-02-09 00:00:00;N","N;N","N;0;0
32;Acta Inf.-3;journals/acta/EhrenfeuchtR74;Nonterminals Versus Homomorphisms in Defining Languages for Some Classes of Rewriting Systems.;3;265-283;https://doi.org/10.1007/BF00288638;1974;Acta Inf.;0;2;db/journals/acta/acta3.html#EhrenfeuchtR74;1973-08-20 00:00:00;N","N;N","N;0;0
33;Acta Inf.-14;journals/acta/Kemp80;A Note on the Density of Inherently Ambiguous Context-free Languages.;14;295-298;https://doi.org/10.1007/BF00264258;1980;Acta Inf.;0;1;db/journals/acta/acta14.html#Kemp80;1980-03-20 00:00:00;N","N;N","N;0;0
34;Acta Inf.-26;journals/acta/HanI89;Time Lower Bounds for Parallel Sorting on a Mesh-Conected Processor Array.;26;643-655;https://doi.org/10.1007/BF00288975;1989;Acta Inf.;0;2;db/journals/acta/acta26.html#HanI89;1989-04-03 00:00:00;N","N;N","N;0;0
35;Acta Inf.-26;journals/acta/AkyildizB89;Computational Algorithms for Networks of Queues with Rejection Blocking.;26;559-576;https://doi.org/10.1007/BF00263580;1989;Acta Inf.;0;2;db/journals/acta/acta26.html#AkyildizB89;1989-02-27 00:00:00;N","N;N","N;0;0
36;Acta Inf.-32;journals/acta/ChenM95;Compositional Refinements in Multiple Blackboard Systems.;32;415-458;https://doi.org/10.1007/BF01213078;1995;Acta Inf.;0;2;db/journals/acta/acta32.html#ChenM95;1994-09-23 00:00:00;N","N;N","N;0;0
37;Acta Inf.-52;journals/acta/GlabbeekGO15;Special issue on Combining Compositionality and Concurrency: part 1.;52;3-4;https://doi.org/10.1007/s00236-014-0213-y;2015;Acta Inf.;0;3;db/journals/acta/acta52.html#GlabbeekGO15;N"
"N;N","2014-12-30 00:00:00","N;0;0
38;Acta Inf.-38;journals/acta/Santone02;Automatic verification of concurrent systems using a formula-based compositional approach.;38;531-564;https://doi.org/10.1007/s00236-002-0084-5;2002;Acta Inf.;0;1;db/journals/acta/acta38.html#Santone02;N","N;N","N;N","N;N","","","","","","","","","","",""
"39","Acta Inf.-10","journals/acta/Hehner78","On Removing the Machine from the Language.","10","229-243","https://doi.org/10.1007/BF00264318","1978","Acta Inf.","0","1","db/journals/acta/acta10.html#Hehner78","1977-07-20 00:00:00","N;N","N;N","0","0"
"40","Acta Inf.-22","journals/acta/ChungES85","Complete Problems for Space Bounded Subclasses of NP.","22","379-395","https://doi.org/10.1007/BF00288774","1985","Acta Inf.","0","3","db/journals/acta/acta22.html#ChungES85","1985-05-21 00:00:00","N;N","N;N","0","0"
"41","Acta Inf.-51","journals/acta/BulychevDLL14","Efficient controller synthesis for a fragment of MTL0,?.","51","165-192","https://doi.org/10.1007/s00236-013-0189-z","2014","Acta Inf.","0","4","db/journals/acta/acta51.html#BulychevDLL14","2013-02-02 00:00:00","N;2013-11-08 00:00:00;2013-12-17 00:00:00;N","279","39",""
"42","Acta Inf.-18","journals/acta/BuddA82","Two Notions of Correctness and Their Relation to Testing.","18","31-45","https://doi.org/10.1007/BF00625279","1982","Acta Inf.","0","2","db/journals/acta/acta18.html#BuddA82","1982-05-22 00:00:00","N;N","N;N","0","0"
"43","Acta Inf.-16","journals/acta/Markowsky81","Best Huffman Trees.","16","363-370","https://doi.org/10.1007/BF00289311","1981","Acta Inf.","0","1","db/journals/acta/acta16.html#Markowsky81","1981-01-12 00:00:00","N;N","N;N","0","0"
"44","Acta Inf.-16","journals/acta/Stadel81","Behandlung verschiedener INTEGER-Darstellungen durch optimierende Compiler.","16","45-56","https://doi.org/10.1007/BF00289589","1981","Acta Inf.","0","1","db/journals/acta/acta16.html#Stadel81","1981-04-28 00:00:00","N;N","N;N","0","0"
"45","Acta Inf.-8","journals/acta/Watt77","The Parsing Problem for Affix Grammars.","8","1-20","https://doi.org/10.1007/BF00276181","1977","Acta Inf.","0","1","db/journals/acta/acta8.html#Watt77","N;N","N;N","N;N","N
46;Acta Inf.-30;journals/acta/AmerinsBW93;On Efficient Entreeings.;30;203-213;https://doi.org/10.1007/BF01179370;1993;Acta Inf.;0;3;db/journals/acta/acta30.html#AmerinsBW93;1992-11-09 00:00:00;N","N;N"
"N;0;0
47;Acta Inf.-15;journals/acta/Mayr81;Persistence of Vector Replacement Systems is Decidable.;15;309-318;https://doi.org/10.1007/BF00289268;1981;Acta Inf.;0;1;db/journals/acta/acta15.html#Mayr81;1980-11-18 00:00:00;N","N;N","N;0;0
48;Acta Inf.-34;journals/acta/CulikD97;Implementing Daubechies Wavelet Transform with Weighted Finite Automata.;34;347-366;https://doi.org/10.1007/s002360050089;1997;Acta Inf.;0;2;db/journals/acta/acta34.html#CulikD97;N","N;N","N;N","N;N","","","","","","","","","","",""
"49","Acta Inf.-9","journals/acta/CremersH78a","Functional Behavior in Data Spaces.","9","293-307","https://doi.org/10.1007/BF00289044","1978","Acta Inf.","0","2","db/journals/acta/acta9.html#CremersH78a","1977-01-26 00:00:00","N;N","N;N","0","0"
"50","Acta Inf.-25","journals/acta/Mitchell88","Inductive Completion with Retracts.","25","497-514","https://doi.org/10.1007/BF00279951","1988","Acta Inf.","0","1","db/journals/acta/acta25.html#Mitchell88","N;N","N;N","N;N","N
51;Acta Inf.-24;journals/acta/CousotC87;Sometime = Always + Recursion = Always on the Equivalence of the Intermittent and Invariant Assertions Methods for Proving Inevitability Properties of Programs.;24;1-31;https://doi.org/10.1007/BF00290704;1987;Acta Inf.;0;2;db/journals/acta/acta24.html#CousotC87;1986-08-18 00:00:00;N","N;N"
"N;0;0
52;Acta Inf.-8;journals/acta/MitraniH77;Complete Parameterized Families of Job Scheduling Strategies.;8;61-73;https://doi.org/10.1007/BF00276184;1977;Acta Inf.;0;2;db/journals/acta/acta8.html#MitraniH77;N","N;N","N;N","N;N","","","","","","","","","","","","",""
"53","Acta Inf.-45","journals/acta/MorrisT08","Modelling higher-order dual nondeterminacy.","45","441-465","https://doi.org/10.1007/s00236-008-0076-1","2008","Acta Inf.","0","2","db/journals/acta/acta45.html#MorrisT08","2007-05-22 00:00:00","N;2008-06-02 00:00:00;2008-06-21 00:00:00;N","377","19",""
"54","Acta Inf.-5","journals/acta/Nehmer75","Dispatcher Primitives for the Construction of Operating System Kernels.","5","237-255","https://doi.org/10.1007/BF00264560","1975","Acta Inf.","0","1","db/journals/acta/acta5.html#Nehmer75","1974-08-20 00:00:00","N;N","N;N","0","0"
"55","Acta Inf.-31","journals/acta/Meinke94","A Recursive Second Order Initial Algebra Specification of Primitive Recursion.","31","329-340","https://doi.org/10.1007/BF01178510","1994","Acta Inf.","0","1","db/journals/acta/acta31.html#Meinke94","1993-11-15 00:00:00","N;N","N;N","0","0"
"56","Acta Inf.-54","journals/acta/JaghooriBLCS17","Compositional schedulability analysis of real-time actor-based systems.","54","343-378","https://doi.org/10.1007/s00236-015-0254-x","2017","Acta Inf.","0","5","db/journals/acta/acta54.html#JaghooriBLCS17","2015-06-15 00:00:00","N;2015-12-27 00:00:00;2016-01-25 00:00:00;N","195","29",""
"57","Acta Inf.-31","journals/acta/EngelfrietHL94","Context-Free Graph Languages of Bounded Degree are Generated by Apex Graph Grammars.","31","341-378","https://doi.org/10.1007/BF01178511","1994","Acta Inf.","0","3","db/journals/acta/acta31.html#EngelfrietHL94","1993-10-26 00:00:00","N;N","N;N","0","0"
"58","Acta Inf.-24","journals/acta/ChowdhuryS87","Worst Case Performance of Weighted Buddy Systems.","24","555-564","https://doi.org/10.1007/BF00263294","1987","Acta Inf.","0","2","db/journals/acta/acta24.html#ChowdhuryS87","1987-05-18 00:00:00","N;N","N;N","0","0"
"59","Acta Inf.-32","journals/acta/MontanariR95","Contextual Nets.","32","545-596","https://doi.org/10.1007/BF01178907","1995","Acta Inf.","0","2","db/journals/acta/acta32.html#MontanariR95","1994-09-23 00:00:00","N;N","N;N","0","0"
"60","Acta Inf.-12","journals/acta/LauerTS79","COSY - A System Specification Language Based on Paths and Processes.","12","109-158","https://doi.org/10.1007/BF00266047","1979","Acta Inf.","0","3","db/journals/acta/acta12.html#LauerTS79","1978-02-28 00:00:00","N;N","N;N","0","0"
"61","Acta Inf.-45","journals/acta/Berghammer08","Applying relation algebra and Rel View to solve problems on orders and lattices.","45","211-236","https://doi.org/10.1007/s00236-008-0072-5","2008","Acta Inf.","0","1","db/journals/acta/acta45.html#Berghammer08","2007-04-24 00:00:00","N;2008-02-06 00:00:00;2008-03-14 00:00:00;N","288","37",""
"62","Acta Inf.-9","journals/acta/Pager77","Eliminating Unit Productions from LR Parsers.","9","31-59","https://doi.org/10.1007/BF00263764","1977","Acta Inf.","0","1","db/journals/acta/acta9.html#Pager77","1976-01-02 00:00:00","N;N","N;N","0","0"
"63","Acta Inf.-26","journals/acta/LippsMOW88","Attribute (Re)evaluation in OPTRAN.","26","213-239","https://doi.org/10.1007/BF00299633","1988","Acta Inf.","0","4","db/journals/acta/acta26.html#LippsMOW88","1988-07-12 00:00:00","N;N","N;N","0","0"
"64","Acta Inf.-29","journals/acta/RajasekaranS92","On Parallel Integer Sorting.","29","1-15","https://doi.org/10.1007/BF01178563","1992","Acta Inf.","0","2","db/journals/acta/acta29.html#RajasekaranS92","1991-09-10 00:00:00","N;N","N;N","0","0"
"65","Acta Inf.-31","journals/acta/HullS94","Domain Independence and the Relational Calculus.","31","513-524","https://doi.org/10.1007/BF01213204","1994","Acta Inf.","0","2","db/journals/acta/acta31.html#HullS94","1993-11-24 00:00:00","N;N","N;N","0","0"
"66","Acta Inf.-33","journals/acta/LeeF96","Multi-Granularity Locking for Nested Transactions: A Proof Using a Possibilities Mapping.","33","131-152","https://doi.org/10.1007/s002360050038","1996","Acta Inf.","0","2","db/journals/acta/acta33.html#LeeF96","1994-11-28 00:00:00","N;N","N;N","0","0"
"67","Acta Inf.-10","journals/acta/Laurinolli78","Bounded Quantification and Relations Recognizable by Finite Automata.","10","67-78","https://doi.org/10.1007/BF00260924","1978","Acta Inf.","0","1","db/journals/acta/acta10.html#Laurinolli78","1977-04-15 00:00:00","N;N","N;N","0","0"
"68","Acta Inf.-36","journals/acta/LeavensP00","A Complete Algebraic Characterization of Behavioral Subtyping.","36","617-663","https://doi.org/10.1007/s002360050168","2000","Acta Inf.","0","2","db/journals/acta/acta36.html#LeavensP00","N;N","N;N","N;N","N
69;Acta Inf.-53;journals/acta/Hunsberger16;Efficient execution of dynamically controllable simple temporal networks with uncertainty.;53;89-147;https://doi.org/10.1007/s00236-015-0227-0;2016;Acta Inf.;0;1;db/journals/acta/acta53.html#Hunsberger16;2014-02-10 00:00:00;N","2015-03-18 00:00:00"
"2015-05-01 00:00:00","N;401;44
70;Acta Inf.-34;journals/acta/LiangC97;Minimum Feedback Vertex Sets in Cocomparability Graphs and Convex Bipartite Graphs.;34;337-346;https://doi.org/10.1007/s002360050088;1997;Acta Inf.;0;2;db/journals/acta/acta34.html#LiangC97;N","N;N","N;N","N;N","","","","","","","","","","","",""
"71","Acta Inf.-31","journals/acta/BernotBK94","Behavioural Approaches to Algebraic Specifications: A Comparative Study.","31","651-671","https://doi.org/10.1007/BF01177550","1994","Acta Inf.","0","3","db/journals/acta/acta31.html#BernotBK94","1993-11-15 00:00:00","N;N","N;N","0","0"
"72","Acta Inf.-49","journals/acta/BergstraM12","Instruction sequence processing operators.","49","139-172","https://doi.org/10.1007/s00236-012-0154-2","2012","Acta Inf.","0","2","db/journals/acta/acta49.html#BergstraM12","2011-03-22 00:00:00","N;2012-03-05 00:00:00;2012-03-23 00:00:00;N","349","18",""
"73","Acta Inf.-32","journals/acta/Drabent95","What is Failure? An Approach to Constructive Negation.","32","27-29","https://doi.org/10.1007/BF01185404","1995","Acta Inf.","0","1","db/journals/acta/acta32.html#Drabent95","1994-04-05 00:00:00","N;N","N;N","0","0"
"74","Acta Inf.-46","journals/acta/KhomenkoSVW09","STG decomposition strategies in combination with unfolding.","46","433-474","https://doi.org/10.1007/s00236-009-0102-y","2009","Acta Inf.","0","4","db/journals/acta/acta46.html#KhomenkoSVW09","2008-02-14 00:00:00","N;2009-06-17 00:00:00;2009-08-12 00:00:00;N","489","56",""
"75","Acta Inf.-4","journals/acta/FinkelB74","Quad Trees: A Data Structure for Retrieval on Composite Keys.","4","1-9","https://doi.org/10.1007/BF00288933","1974","Acta Inf.","0","2","db/journals/acta/acta4.html#FinkelB74","1974-04-08 00:00:00","N;N","N;N","0","0"
"76","Acta Inf.-19","journals/acta/Schmitt83","On the Number of Relational Operators Necessary to Compute Certain Functions of Real Variables.","19","297-304","https://doi.org/10.1007/BF00265560","1983","Acta Inf.","0","1","db/journals/acta/acta19.html#Schmitt83","1982-11-02 00:00:00","N;N","N;N","0","0"
"77","Acta Inf.-7","journals/acta/LabetoulleP76","A Study of Queueing Networks with Deterministic Service and Application to Computer Networks.","7","183-195","https://doi.org/10.1007/BF00265770","1976","Acta Inf.","0","2","db/journals/acta/acta7.html#LabetoulleP76","1976-05-28 00:00:00","N;N","N;N","0","0"
"78","Acta Inf.-17","journals/acta/Pritchard82","Explaining the Wheel Sieve.","17","477-485","https://doi.org/10.1007/BF00264164","1982","Acta Inf.","0","1","db/journals/acta/acta17.html#Pritchard82","1982-07-16 00:00:00","N;N","N;N","0","0"
"79","Acta Inf.-6","journals/acta/Moenck76","Another Polynomial Homomorphism.","6","153-169","https://doi.org/10.1007/BF00268498","1976","Acta Inf.","0","1","db/journals/acta/acta6.html#Moenck76","1975-05-13 00:00:00","N;N","N;N","0","0"
"80","Acta Inf.-13","journals/acta/Heidelberger80","Variance Reduction Techniques for the Simulation of Markov Process.","13","21-37","https://doi.org/10.1007/BF00288533","1980","Acta Inf.","0","1","db/journals/acta/acta13.html#Heidelberger80","1978-08-08 00:00:00","N;N","N;N","0","0"
"81","Acta Inf.-53","journals/acta/HanKS16","State complexity of deletion and bipolar deletion.","53","67-85","https://doi.org/10.1007/s00236-015-0245-y","2016","Acta Inf.","0","3","db/journals/acta/acta53.html#HanKS16","2014-12-16 00:00:00","N;2015-05-30 00:00:00;2015-06-16 00:00:00;N","165","17",""
"82","Acta Inf.-23","journals/acta/Bublitz86","Decomposition of Graphs and Monotone Formula Size of Homogeneous Functions.","23","689-696","https://doi.org/10.1007/BF00264314","1986","Acta Inf.","0","1","db/journals/acta/acta23.html#Bublitz86","1986-06-19 00:00:00","N;N","N;N","0","0"
"83","Acta Inf.-54","journals/acta/DeganoFM17","Regular and context-free nominal traces.","54","399-433","https://doi.org/10.1007/s00236-016-0261-6","2017","Acta Inf.","0","3","db/journals/acta/acta54.html#DeganoFM17","2014-02-13 00:00:00","N;2016-01-27 00:00:00;2016-02-23 00:00:00;N","713","27",""
"84","Acta Inf.-50","journals/acta/NagyO13","Deterministic pushdown-CD-systems of stateless deterministic R(1)-automata.","50","229-255","https://doi.org/10.1007/s00236-012-0175-x","2013","Acta Inf.","0","2","db/journals/acta/acta50.html#NagyO13","2012-04-10 00:00:00","N;2012-12-18 00:00:00;2013-01-30 00:00:00;N","252","43",""
"85","Acta Inf.-54","journals/acta/ChatterjeeE17","Special issue: Synthesis and SYNT 2014.","54","543-544","https://doi.org/10.1007/s00236-017-0299-0","2017","Acta Inf.","0","2","db/journals/acta/acta54.html#ChatterjeeE17","0000-00-00 00:00:00","0000-00-00 00:00:00","0000-00-00 00:00:00","2017-04-12 00:00:00","0000-00-00 00:00:00"
"0","0","","","","","","","","","","","","","","",""
"86","Acta Inf.-30","journals/acta/Paun93","On the Synchronization in Parallel Communicating Grammar Systems.","30","351-367","https://doi.org/10.1007/BF01209710","1993","Acta Inf.","0","1","db/journals/acta/acta30.html#Paun93","1993-02-01 00:00:00","N;N","N;N","0","0"
"87","Acta Inf.-3","journals/acta/Schuler74","Weakly Context-Sensitive Languages as Model for Programming Languages.","3","155-170","https://doi.org/10.1007/BF00264035","1974","Acta Inf.","0","1","db/journals/acta/acta3.html#Schuler74","1973-04-13 00:00:00","N;N","N;N","0","0"
"88","Acta Inf.-8","journals/acta/Ernst77","Rules of Inference for Procedure Calls.","8","145-152","https://doi.org/10.1007/BF00289246","1977","Acta Inf.","0","1","db/journals/acta/acta8.html#Ernst77","1975-11-17 00:00:00","N;N","N;N","0","0"
"89","Acta Inf.-19","journals/acta/Pfaff83","The Construction of Operator Interfaces Based on Logical Input Devices.","19","151-166","https://doi.org/10.1007/BF00264473","1983","Acta Inf.","0","1","db/journals/acta/acta19.html#Pfaff83","1982-09-10 00:00:00","N;N","N;N","0","0"
"90","Acta Inf.-26","journals/acta/EngelfrietV88","High Level Tree Transducers and Iterated Pushdown Tree Transducers.","26","131-192","https://doi.org/10.1007/BF02915449","1988","Acta Inf.","0","2","db/journals/acta/acta26.html#EngelfrietV88","1988-05-10 00:00:00","N;N","N;N","0","0"
"91","Acta Inf.-13","journals/acta/Reisch80","Gobang ist PSPACE-vollständig.","13","59-66","https://doi.org/10.1007/BF00288536","1980","Acta Inf.","0","1","db/journals/acta/acta13.html#Reisch80","1979-05-21 00:00:00","N;N","N;N","0","0"
"92","Acta Inf.-47","journals/acta/FanHSC10","A note on autodense related languages.","47","209-219","https://doi.org/10.1007/s00236-010-0116-5","2010","Acta Inf.","0","4","db/journals/acta/acta47.html#FanHSC10","2009-02-26 00:00:00","N;2010-03-23 00:00:00;2010-05-09 00:00:00;N","390","47",""
"93","Acta Inf.-43","journals/acta/PanA06","Solving HPP and SAT by P Systems with Active Membranes and Separation Rules.","43","131-145","https://doi.org/10.1007/s00236-006-0018-8","2006","Acta Inf.","0","2","db/journals/acta/acta43.html#PanA06","2005-08-07 00:00:00","N;N","2006-06-27 00:00:00","N;0;0
94;Acta Inf.-33;journals/acta/KumarM96;Optimizing the Costs of Hierarchical Quorum Consensus.;33;255-275;https://doi.org/10.1007/s002360050043;1996;Acta Inf.;0;2;db/journals/acta/acta33.html#KumarM96;1995-02-16 00:00:00;N","N;N"
"N;0;0
95;Acta Inf.-44;journals/acta/HaddadP07;Recursive Petri nets.;44;463-508;https://doi.org/10.1007/s00236-007-0055-y;2007;Acta Inf.;0;2;db/journals/acta/acta44.html#HaddadP07;2004-07-30 00:00:00;N","2007-07-16 00:00:00","2007-09-11 00:00:00","N;1081;57
96;Acta Inf.-7;journals/acta/GaverH76;Multitype Multiprogramming Models.;7;111-121;https://doi.org/10.1007/BF00265765;1976;Acta Inf.;0;2;db/journals/acta/acta7.html#GaverH76;1976-06-04 00:00:00;N","N;N","N;0;0
97;Acta Inf.-4;journals/acta/Levy74;Automatic Correction of Syntax-Errors in Programming Languages.;4;271-292;https://doi.org/10.1007/BF00288730;1974;Acta Inf.;0;1;db/journals/acta/acta4.html#Levy74;1974-03-13 00:00:00;N","N;N","N;0;0
98;Acta Inf.-43;journals/acta/KonstantinidisSY07;Representation and uniformization of algebraic transductions.;43;395-417;https://doi.org/10.1007/s00236-006-0027-7;2007;Acta Inf.;0;3;db/journals/acta/acta43.html#KonstantinidisSY07;2006-06-17 00:00:00;N","2006-08-10 00:00:00","2006-10-11 00:00:00","N;54;62
99;Acta Inf.-28;journals/acta/BestDKP91;Concurrent Bisimulations in Petri Nets.;28;231-264;https://doi.org/10.1007/BF01178506;1991;Acta Inf.;0;4;db/journals/acta/acta28.html#BestDKP91;1990-10-08 00:00:00;N","N;N","N;0;0
100;Acta Inf.-42;journals/acta/Buttner05;Enhanced prefetching and caching strategies for single- and multi-disk systems.;42;21-42;https://doi.org/10.1007/s00236-005-0170-6;2005;Acta Inf.;0;1;db/journals/acta/acta42.html#Buttner05;2003-07-23 00:00:00;N","N;2005-07-08 00:00:00;N","0","0",""
"101","Acta Inf.-25","journals/acta/EhrenfeuchtHR88","Recording the Use of Memory in Right-Boundary Grammars and Push-Down Automata.","25","203-231","https://doi.org/10.1007/BF00263585","1988","Acta Inf.","0","3","db/journals/acta/acta25.html#EhrenfeuchtHR88","1987-11-06 00:00:00","N;N","N;N","0","0"
"102","Acta Inf.-52","journals/acta/BestD15a","State space axioms for T-systems.","52","133-152","https://doi.org/10.1007/s00236-015-0219-0","2015","Acta Inf.","0","2","db/journals/acta/acta52.html#BestD15a","2014-07-31 00:00:00","N;2015-01-06 00:00:00;2015-02-03 00:00:00;N","159","28",""
"103","Acta Inf.-46","journals/acta/EngelfrietLM09","Extended multi bottom-up tree transducers.","46","561-590","https://doi.org/10.1007/s00236-009-0105-8","2009","Acta Inf.","0","3","db/journals/acta/acta46.html#EngelfrietLM09","2008-09-02 00:00:00","N;2009-09-21 00:00:00;2009-10-22 00:00:00;N","384","31",""
"104","Acta Inf.-16","journals/acta/Blikle81","The Clean Termination of Iterative Programs.","16","199-217","https://doi.org/10.1007/BF00261259","1981","Acta Inf.","0","1","db/journals/acta/acta16.html#Blikle81","1980-05-15 00:00:00","N;N","N;N","0","0"
"105","Acta Inf.-14","journals/acta/Kroger80","Infinite Proof Rules for Loops.","14","371-389","https://doi.org/10.1007/BF00286493","1980","Acta Inf.","0","1","db/journals/acta/acta14.html#Kroger80","1979-08-04 00:00:00","N;N","N;N","0","0"
"106","Acta Inf.-35","journals/acta/EsikB98","Nonfinite Axiomatizability of the Equational Theory of Shuffle.","35","505-539","https://doi.org/10.1007/s002360050129","1998","Acta Inf.","0","2","db/journals/acta/acta35.html#EsikB98","N;N","N;N","N;N","N
107;Acta Inf.-37;journals/acta/SteeP01;Running a job on a collection of partly available machines, with on-line restarts.;37;727-742;https://doi.org/10.1007/PL00013305;2001;Acta Inf.;0;2;db/journals/acta/acta37.html#SteeP01;N","N;N"
"N;N","N;N","","","","","","","","","","","","","","",""
"108","Acta Inf.-27","journals/acta/MorganG89","Data Refinement by Calculation.","27","481-503","https://doi.org/10.1007/BF00277386","1990","Acta Inf.","0","2","db/journals/acta/acta27.html#MorganG89","1989-10-17 00:00:00","N;N","N;N","0","0"
"109","Acta Inf.-30","journals/acta/Singh93","Program Refinement in Fair Transition Systems.","30","503-535","https://doi.org/10.1007/BF01209623","1993","Acta Inf.","0","1","db/journals/acta/acta30.html#Singh93","1993-05-04 00:00:00","N;N","N;N","0","0"
"110","Acta Inf.-22","journals/acta/CaspiH86","A Functional Model for Describing and Reasoning About Time Behaviour of Computing Systems.","22","595-627","https://doi.org/10.1007/BF00263648","1986","Acta Inf.","0","2","db/journals/acta/acta22.html#CaspiH86","1985-08-09 00:00:00","N;N","N;N","0","0"
"111","Acta Inf.-35","journals/acta/BestFHKP98","M-Nets: An Algebra of High-Level Petri Nets, with an Application to the Semantics of Concurrent Programming Languages.","35","813-857","https://doi.org/10.1007/s002360050144","1998","Acta Inf.","0","5","db/journals/acta/acta35.html#BestFHKP98","N;N","N;N","N;N","N
112;Acta Inf.-32;journals/acta/Yang95;On the Look-Ahead Problem in Lexical Analysis.;32;459-476;https://doi.org/10.1007/BF01213079;1995;Acta Inf.;0;1;db/journals/acta/acta32.html#Yang95;1994-10-05 00:00:00;N","N;N"
"N;0;0
113;Acta Inf.-54;journals/acta/JhaS17;A theory of formal synthesis via inductive learning.;54;693-726;https://doi.org/10.1007/s00236-017-0294-5;2017;Acta Inf.;0;2;db/journals/acta/acta54.html#JhaS17;2015-04-23 00:00:00;N","2017-01-23 00:00:00","2017-02-15 00:00:00","N;641;23
114;Acta Inf.-46;journals/acta/KlonowskaLL09;The maximum gain of increasing the number of preemptions in multiprocessor scheduling.;46;285-295;https://doi.org/10.1007/s00236-009-0096-5;2009;Acta Inf.;0;3;db/journals/acta/acta46.html#KlonowskaLL09;2008-07-02 00:00:00;N","2009-03-31 00:00:00","2009-05-12 00:00:00","N;272;42
115;Acta Inf.-9;journals/acta/Rosenberg78;Data Encodings and Their Costs.;9;273-292;https://doi.org/10.1007/BF00288886;1978;Acta Inf.;0;1;db/journals/acta/acta9.html#Rosenberg78;1977-05-02 00:00:00;N","N;N","N;0;0
116;Acta Inf.-6;journals/acta/Galil76;Hierarchies of Complete Problems.;6;77-88;https://doi.org/10.1007/BF00263744;1976;Acta Inf.;0;1;db/journals/acta/acta6.html#Galil76;1975-06-04 00:00:00;N","N;N","N;0;0
117;Acta Inf.-1;journals/acta/Claus71;Ein Vollständigkeitssatz für Programme und Schaltkreise.;1;64-78;https://doi.org/10.1007/BF00264292;1971;Acta Inf.;0;1;db/journals/acta/acta1.html#Claus71;1970-04-06 00:00:00;N","N;N","N;0;0
118;Acta Inf.-42;journals/acta/Kobayashi05;Type-based information flow analysis for the pi-calculus.;42;291-347;https://doi.org/10.1007/s00236-005-0179-x;2005;Acta Inf.;0;1;db/journals/acta/acta42.html#Kobayashi05;2004-01-06 00:00:00;N","N;2005-10-14 00:00:00;N","0","0",""
"119","Acta Inf.-3","journals/acta/Berstel74","Sur une Conjecture de S. Greibach.","3","293-295","https://doi.org/10.1007/BF00288640","1974","Acta Inf.","0","1","db/journals/acta/acta3.html#Berstel74","1973-06-15 00:00:00","N;N","N;N","0","0"
"120","Acta Inf.-10","journals/acta/BartschB78","A Conservation Law for G/G/m Queueing Systems.","10","105-109","https://doi.org/10.1007/BF00260928","1978","Acta Inf.","0","2","db/journals/acta/acta10.html#BartschB78","1977-07-15 00:00:00","N;N","N;N","0","0"
"121","Acta Inf.-13","journals/acta/Galil80","Applications of Efficient Mergeable Heaps for Optimization Problems on Trees.","13","53-58","https://doi.org/10.1007/BF00288535","1980","Acta Inf.","0","1","db/journals/acta/acta13.html#Galil80","1979-07-24 00:00:00","N;N","N;N","0","0"
"122","Acta Inf.-34","journals/acta/EngelfrietV97","Context-Free Graph Grammars and Concatenation of Graphs.","34","773-803","https://doi.org/10.1007/s002360050106","1997","Acta Inf.","0","2","db/journals/acta/acta34.html#EngelfrietV97","N;N","N;N","N;N","N
123;Acta Inf.-12;journals/acta/Hikita79;On a Class of Recursive Procedures and Equivalent Iterative Ones.;12;305-320;https://doi.org/10.1007/BF00268318;1979;Acta Inf.;0;1;db/journals/acta/acta12.html#Hikita79;1979-03-22 00:00:00;N","N;N"
"N;0;0
124;Acta Inf.-4;journals/acta/BreitbartR74;Algorithms for Fast Evaluation of Boolean Expressions.;4;107-116;https://doi.org/10.1007/BF00288743;1975;Acta Inf.;0;2;db/journals/acta/acta4.html#BreitbartR74;1974-03-08 00:00:00;N","N;N","N;0;0
125;Acta Inf.-54;journals/acta/BonchiPPR17;A general account of coinduction up-to.;54;127-190;https://doi.org/10.1007/s00236-016-0271-4;2017;Acta Inf.;0;4;db/journals/acta/acta54.html#BonchiPPR17;2015-12-21 00:00:00;N","2016-05-20 00:00:00","2016-06-25 00:00:00","N;151;36
126;Acta Inf.-1;journals/acta/Hansen72;A Comparison of Two Synchronizing Concepts.;1;190-199;https://doi.org/10.1007/BF00288684;1972;Acta Inf.;0;1;db/journals/acta/acta1.html#Hansen72;1971-11-30 00:00:00;N","N;N","N;0;0
127;Acta Inf.-36;journals/acta/Schmidt00;How to Calculate Symmetries of Petri Nets.;36;545-590;https://doi.org/10.1007/s002360050002;2000;Acta Inf.;0;1;db/journals/acta/acta36.html#Schmidt00;N","N;N","N;N","N;N","","","","","",""
"128","Acta Inf.-4","journals/acta/NielsenRSS74a","Nonterminals, Homomorphisms and Codings in Different Variations of OL-Systems. I. Deterministic Systems.","4","87-106","https://doi.org/10.1007/BF00288938","1974","Acta Inf.","0","4","db/journals/acta/acta4.html#NielsenRSS74a","1974-02-07 00:00:00","N;N","N;N","0","0"
"129","Acta Inf.-42","journals/acta/BozapalidisK06","Recognizability of graph and pattern languages.","42","553-581","https://doi.org/10.1007/s00236-006-0006-z","2006","Acta Inf.","0","2","db/journals/acta/acta42.html#BozapalidisK06","2005-03-15 00:00:00","N;N","2006-02-14 00:00:00","N;0;0
130;Acta Inf.-33;journals/acta/DeselR96;The Synthesis Problem of Petri Nets.;33;297-315;https://doi.org/10.1007/s002360050046;1996;Acta Inf.;0;2;db/journals/acta/acta33.html#DeselR96;N","N;1995-04-11 00:00:00;N"
"N;0;0
131;Acta Inf.-11;journals/acta/Merzenich79;A Binary Operation on Trees and an Initial Algebra Characterization for Finite Tree Types.;11;149-168;https://doi.org/10.1007/BF00264022;1979;Acta Inf.;0;1;db/journals/acta/acta11.html#Merzenich79;1976-07-29 00:00:00;N","N;N","N;0;0
132;Acta Inf.-51;journals/acta/MandraliR14;On weighted first-order logics with discounting.;51;61-106;https://doi.org/10.1007/s00236-013-0193-3;2014;Acta Inf.;0;2;db/journals/acta/acta51.html#MandraliR14;2012-12-30 00:00:00;N","2013-12-09 00:00:00","2014-01-30 00:00:00","N;344;52
133;Acta Inf.-16;journals/acta/JanssensR81;A Characterization of Context-free String Languages by Directed Node-label Controlled Graph Grammars.;16;63-85;https://doi.org/10.1007/BF00289591;1981;Acta Inf.;0;2;db/journals/acta/acta16.html#JanssensR81;1981-04-24 00:00:00;N","N;N","N;0;0
134;Acta Inf.-37;journals/acta/McIverM01;Demonic, angelic and unbounded probabilistic choices in sequential programs.;37;329-354;https://doi.org/10.1007/s002360000046;2001;Acta Inf.;0;2;db/journals/acta/acta37.html#McIverM01;N","N;N","N;N","N;N","","","","","",""
"135","Acta Inf.-29","journals/acta/Arun-KumarH92","An Efficiency Preorder for Processes.","29","737-760","https://doi.org/10.1007/BF01191894","1992","Acta Inf.","0","2","db/journals/acta/acta29.html#Arun-KumarH92","1992-07-14 00:00:00","N;N","N;N","0","0"
"136","Acta Inf.-36","journals/acta/IntrigilaV00","On the Generalization of Higman and Kruskal's Theorems to Regular Languages and Rational Trees.","36","817-835","https://doi.org/10.1007/s002360050176","2000","Acta Inf.","0","2","db/journals/acta/acta36.html#IntrigilaV00","N;N","N;N","N;N","N
137;Acta Inf.-26;journals/acta/Baeza-Yates89;Modeling Splits in File Structures.;26;349-362;https://doi.org/10.1007/BF00276022;1989;Acta Inf.;0;1;db/journals/acta/acta26.html#Baeza-Yates89;N","N;N"
"N;N","N;N","","","","","","","","","","","","","","",""
"138","Acta Inf.-29","journals/acta/FachiniMNP92","Languages Accepted by Systolic Y-Tree Automata: Structural Characterizations.","29","761-778","https://doi.org/10.1007/BF01191895","1992","Acta Inf.","0","4","db/journals/acta/acta29.html#FachiniMNP92","1992-05-29 00:00:00","N;N","N;N","0","0"
"139","Acta Inf.-39","journals/acta/PennaITZ03","Synchronized regular expressions.","39","31-70","https://doi.org/10.1007/s00236-002-0099-y","2003","Acta Inf.","0","4","db/journals/acta/acta39.html#PennaITZ03","N;N","N;N","N;N","N
140;Acta Inf.-46;journals/acta/JanousekM09;On regular tree languages and deterministic pushdown automata.;46;533-547;https://doi.org/10.1007/s00236-009-0104-9;2009;Acta Inf.;0;2;db/journals/acta/acta46.html#JanousekM09;2008-06-04 00:00:00;N","2009-08-13 00:00:00"
"2009-09-01 00:00:00","N;435;19
141;Acta Inf.-32;journals/acta/HennessyL95;A Modal Logic for Message Passing Processes.;32;375-393;https://doi.org/10.1007/BF01178384;1995;Acta Inf.;0;2;db/journals/acta/acta32.html#HennessyL95;1994-06-27 00:00:00;N","N;N","N;0;0
142;Acta Inf.-27;journals/acta/OvermarsSBK89;Maintaining Range Trees in Secondary Memory. Part I: Partitions.;27;423-452;https://doi.org/10.1007/BF00289018;1990;Acta Inf.;0;4;db/journals/acta/acta27.html#OvermarsSBK89;1989-10-02 00:00:00;N","N;N","N;0;0
143;Acta Inf.-49;journals/acta/Brand12;Does indirect addressing matter? - A note.;49;485-491;https://doi.org/10.1007/s00236-012-0171-1;2012;Acta Inf.;0;1;db/journals/acta/acta49.html#Brand12;2012-05-04 00:00:00;N","2012-09-19 00:00:00","2012-10-27 00:00:00","N;138;38
144;Acta Inf.-36;journals/acta/BackW99;Reasoning Algebraically about Loops.;36;295-334;https://doi.org/10.1007/s002360050163;1999;Acta Inf.;0;2;db/journals/acta/acta36.html#BackW99;N","N;N","N;N","N;N","","","","",""
